<?xml version="1.0"?>
<!--<!DOCTYPE metadata SYSTEM "http://www.esri.com/metadata/esriprof80.dtd">-->
<metadata xml:lang="en"><Esri><CreaDate>20040127</CreaDate><CreaTime>13452200</CreaTime><SyncOnce>TRUE</SyncOnce><MetaID>{D4CDF09A-2891-492D-ABEC-18540CA43330}</MetaID><DataProperties><lineage><Process Name="DefineProjection_1" ToolSource="C:\Program Files\ArcGIS\ArcToolbox\Toolboxes\Data Management Tools.tbx\DefineProjection" Date="20060908" Time="090914">DefineProjection "E:\Courses\Fall06\Geog204\gis data\exploratory analysis - ex1\vt_demo.shp" PROJCS['NAD_1983_StatePlane_Vermont_FIPS_4400',GEOGCS['GCS_North_American_1983',DATUM['D_North_American_1983',SPHEROID['GRS_1980',6378137.0,298.257222101]],PRIMEM['Greenwich',0.0],UNIT['Degree',0.0174532925199433]],PROJECTION['Transverse_Mercator'],PARAMETER['False_Easting',500000.0],PARAMETER['False_Northing',0.0],PARAMETER['Central_Meridian',-72.5],PARAMETER['Scale_Factor',0.9999642857142858],PARAMETER['Latitude_Of_Origin',42.5],UNIT['Meter',1.0]] "E:\Courses\Fall06\Geog204\gis data\exploratory analysis - ex1\vt_demo.shp"</Process></lineage></DataProperties></Esri><idinfo><citation><citeinfo><onlink Sync="TRUE">\\BWEMPLE\C$\Beverley\Courses\Spr04\Geog204\gis_data\vsprawl2</onlink></citeinfo></citation></idinfo><distInfo><distributor><distorTran><onLineSrc><linkage Sync="TRUE">file://\\BWEMPLE\C$\Beverley\Courses\Spr04\Geog204\gis_data\vsprawl2</linkage><protocol Sync="TRUE">Local Area Network</protocol></onLineSrc></distorTran></distributor></distInfo><dataqual><lineage><procstep><procdesc Sync="TRUE">Dataset copied.</procdesc><srcused Sync="TRUE">E:\Spr04\Geog204\data\vsprawl2</srcused><date Sync="TRUE">20040127</date><time Sync="TRUE">13452200</time></procstep></lineage></dataqual></metadata>
